{
  "P50": 0.0009099587623495609,
  "P75": 0.003317036957014352,
  "P90": 0.006311373133212329,
  "P95": 0.010232975194230677,
  "P99": 0.20724758028984078,
  "mean": 0.008032591913695,
  "max": 1.3260129690170288
}