{
  "P50": 0.0015582556370645761,
  "P75": 0.005140814580954611,
  "P90": 0.019985920749604737,
  "P95": 0.04782302640378481,
  "P99": 0.1946866598725328,
  "mean": 0.011671906634184563,
  "max": 0.7645938992500305
}