{
  "P50": 0.00187215133337304,
  "P75": 0.003991009900346398,
  "P90": 0.008823064435273411,
  "P95": 0.013340025814250133,
  "P99": 0.2055309322476399,
  "mean": 0.008947948358415425,
  "max": 0.8192850947380066
}